rivalry_id,field,old_value,new_value,reason
acf-fiorentina--juventus-fc,h2h.total,95,null,missing source
acf-fiorentina--juventus-fc,stadium.a,43147,null,missing source
acf-fiorentina--juventus-fc,stadium.b,41507,null,missing source
acf-fiorentina--juventus-fc,h_club.a,30,null,missing source
acf-fiorentina--juventus-fc,h_club.b,95,null,missing source
acf-fiorentina--juventus-fc,h_dom,85,null,missing source
acf-fiorentina--juventus-fc,h_cont,100,null,missing source
acf-fiorentina--juventus-fc,i_soc,100,null,missing source
acf-fiorentina--juventus-fc,i_name,50,null,missing source
as-roma--juventus-fc,h2h.total,102,null,missing source
as-roma--juventus-fc,stadium.a,70634,null,missing source
as-roma--juventus-fc,stadium.b,41507,null,missing source
as-roma--juventus-fc,h_club.a,40,null,missing source
as-roma--juventus-fc,h_club.b,95,null,missing source
as-roma--juventus-fc,h_dom,90,null,missing source
as-roma--juventus-fc,h_cont,0,null,missing source
as-roma--juventus-fc,i_soc,75,null,missing source
as-roma--juventus-fc,i_name,50,null,missing source
as-roma--ssc-napoli,h2h.total,98,null,missing source
as-roma--ssc-napoli,stadium.a,70634,null,missing source
as-roma--ssc-napoli,stadium.b,54726,null,missing source
as-roma--ssc-napoli,h_club.a,40,null,missing source
as-roma--ssc-napoli,h_club.b,40,null,missing source
as-roma--ssc-napoli,h_dom,85,null,missing source
as-roma--ssc-napoli,h_cont,0,null,missing source
as-roma--ssc-napoli,i_soc,75,null,missing source
as-roma--ssc-napoli,i_name,100,null,missing source
as-saint-etienne--olympique-lyonnais,h2h.total,76,null,missing source
as-saint-etienne--olympique-lyonnais,stadium.a,59186,null,missing source
as-saint-etienne--olympique-lyonnais,stadium.b,41965,null,missing source
as-saint-etienne--olympique-lyonnais,h_club.a,80,null,missing source
as-saint-etienne--olympique-lyonnais,h_club.b,80,null,missing source
as-saint-etienne--olympique-lyonnais,h_dom,100,null,missing source
as-saint-etienne--olympique-lyonnais,h_cont,0,null,missing source
as-saint-etienne--olympique-lyonnais,i_soc,75,null,missing source
as-saint-etienne--olympique-lyonnais,i_name,100,null,missing source
leeds-united--manchester-united,h2h.total,65,null,missing source
leeds-united--manchester-united,stadium.a,37792,null,missing source
leeds-united--manchester-united,stadium.b,74310,null,missing source
leeds-united--manchester-united,h_club.a,30,null,missing source
leeds-united--manchester-united,h_club.b,95,null,missing source
leeds-united--manchester-united,h_dom,85,null,missing source
leeds-united--manchester-united,h_cont,0,null,missing source
leeds-united--manchester-united,i_soc,100,null,missing source
leeds-united--manchester-united,i_name,100,null,missing source
juventus-fc--ssc-napoli,h2h.total,105,null,missing source
juventus-fc--ssc-napoli,stadium.a,41507,null,missing source
juventus-fc--ssc-napoli,stadium.b,54726,null,missing source
juventus-fc--ssc-napoli,h_club.a,95,null,missing source
juventus-fc--ssc-napoli,h_club.b,40,null,missing source
juventus-fc--ssc-napoli,h_dom,95,null,missing source
juventus-fc--ssc-napoli,h_cont,70,null,missing source
juventus-fc--ssc-napoli,i_soc,100,null,missing source
juventus-fc--ssc-napoli,i_name,50,null,missing source
fc-barcelona--real-madrid,h2h.total,182,null,missing source
fc-barcelona--real-madrid,stadium.a,83186,null,missing source
fc-barcelona--real-madrid,stadium.b,62652,null,missing source
fc-barcelona--real-madrid,h_club.a,80,null,missing source
fc-barcelona--real-madrid,h_club.b,80,null,missing source
fc-barcelona--real-madrid,h_dom,100,null,missing source
fc-barcelona--real-madrid,h_cont,100,null,missing source
fc-barcelona--real-madrid,i_soc,75,null,missing source
fc-barcelona--real-madrid,i_name,100,null,missing source
atletico-madrid--real-madrid,h2h.total,146,null,missing source
atletico-madrid--real-madrid,stadium.a,83186,null,missing source
atletico-madrid--real-madrid,stadium.b,70460,null,missing source
atletico-madrid--real-madrid,h_club.a,80,null,missing source
atletico-madrid--real-madrid,h_club.b,80,null,missing source
atletico-madrid--real-madrid,h_dom,100,null,missing source
atletico-madrid--real-madrid,h_cont,100,null,missing source
atletico-madrid--real-madrid,i_soc,75,null,missing source
atletico-madrid--real-madrid,i_name,100,null,missing source
fc-barcelona--rcd-espanyol,h2h.total,116,null,missing source
fc-barcelona--rcd-espanyol,stadium.a,62652,null,missing source
fc-barcelona--rcd-espanyol,stadium.b,40000,null,missing source
fc-barcelona--rcd-espanyol,h_club.a,80,null,missing source
fc-barcelona--rcd-espanyol,h_club.b,80,null,missing source
fc-barcelona--rcd-espanyol,h_dom,100,null,missing source
fc-barcelona--rcd-espanyol,h_cont,0,null,missing source
fc-barcelona--rcd-espanyol,i_soc,75,null,missing source
fc-barcelona--rcd-espanyol,i_name,100,null,missing source
real-betis--sevilla-fc,h2h.total,92,null,missing source
real-betis--sevilla-fc,stadium.a,43883,null,missing source
real-betis--sevilla-fc,stadium.b,60721,null,missing source
real-betis--sevilla-fc,h_club.a,80,null,missing source
real-betis--sevilla-fc,h_club.b,80,null,missing source
real-betis--sevilla-fc,h_dom,100,null,missing source
real-betis--sevilla-fc,h_cont,100,null,missing source
real-betis--sevilla-fc,i_soc,75,null,missing source
real-betis--sevilla-fc,i_name,100,null,missing source
athletic-club--real-sociedad,h2h.total,112,null,missing source
athletic-club--real-sociedad,stadium.a,53289,null,missing source
athletic-club--real-sociedad,stadium.b,39313,null,missing source
athletic-club--real-sociedad,h_club.a,80,null,missing source
athletic-club--real-sociedad,h_club.b,80,null,missing source
athletic-club--real-sociedad,h_dom,100,null,missing source
athletic-club--real-sociedad,h_cont,0,null,missing source
athletic-club--real-sociedad,i_soc,75,null,missing source
athletic-club--real-sociedad,i_name,100,null,missing source
liverpool-fc--manchester-united,h2h.total,126,null,missing source
liverpool-fc--manchester-united,stadium.a,61276,null,missing source
liverpool-fc--manchester-united,stadium.b,74310,null,missing source
liverpool-fc--manchester-united,h_club.a,80,null,missing source
liverpool-fc--manchester-united,h_club.b,80,null,missing source
liverpool-fc--manchester-united,h_dom,100,null,missing source
liverpool-fc--manchester-united,h_cont,100,null,missing source
liverpool-fc--manchester-united,i_soc,75,null,missing source
liverpool-fc--manchester-united,i_name,100,null,missing source
everton-fc--liverpool-fc,h2h.total,126,null,missing source
everton-fc--liverpool-fc,stadium.a,61276,null,missing source
everton-fc--liverpool-fc,stadium.b,52888,null,missing source
everton-fc--liverpool-fc,h_club.a,80,null,missing source
everton-fc--liverpool-fc,h_club.b,80,null,missing source
everton-fc--liverpool-fc,h_dom,100,null,missing source
everton-fc--liverpool-fc,h_cont,0,null,missing source
everton-fc--liverpool-fc,i_soc,75,null,missing source
everton-fc--liverpool-fc,i_name,100,null,missing source
arsenal-fc--tottenham-hotspur,h2h.total,128,null,missing source
arsenal-fc--tottenham-hotspur,stadium.a,60704,null,missing source
arsenal-fc--tottenham-hotspur,stadium.b,62850,null,missing source
arsenal-fc--tottenham-hotspur,h_club.a,80,null,missing source
arsenal-fc--tottenham-hotspur,h_club.b,80,null,missing source
arsenal-fc--tottenham-hotspur,h_dom,100,null,missing source
arsenal-fc--tottenham-hotspur,h_cont,0,null,missing source
arsenal-fc--tottenham-hotspur,i_soc,75,null,missing source
arsenal-fc--tottenham-hotspur,i_name,100,null,missing source
manchester-city--manchester-united,h2h.total,106,null,missing source
manchester-city--manchester-united,stadium.a,74310,null,missing source
manchester-city--manchester-united,stadium.b,40000,null,missing source
manchester-city--manchester-united,h_club.a,80,null,missing source
manchester-city--manchester-united,h_club.b,80,null,missing source
manchester-city--manchester-united,h_dom,100,null,missing source
manchester-city--manchester-united,h_cont,0,null,missing source
manchester-city--manchester-united,i_soc,75,null,missing source
manchester-city--manchester-united,i_name,100,null,missing source
arsenal-fc--chelsea-fc,h2h.total,126,null,missing source
arsenal-fc--chelsea-fc,stadium.a,40341,null,missing source
arsenal-fc--chelsea-fc,stadium.b,60704,null,missing source
arsenal-fc--chelsea-fc,h_club.a,80,null,missing source
arsenal-fc--chelsea-fc,h_club.b,80,null,missing source
arsenal-fc--chelsea-fc,h_dom,100,null,missing source
arsenal-fc--chelsea-fc,h_cont,100,null,missing source
arsenal-fc--chelsea-fc,i_soc,75,null,missing source
arsenal-fc--chelsea-fc,i_name,100,null,missing source
chelsea-fc--manchester-united,h2h.total,126,null,missing source
chelsea-fc--manchester-united,stadium.a,74310,null,missing source
chelsea-fc--manchester-united,stadium.b,40341,null,missing source
chelsea-fc--manchester-united,h_club.a,80,null,missing source
chelsea-fc--manchester-united,h_club.b,80,null,missing source
chelsea-fc--manchester-united,h_dom,100,null,missing source
chelsea-fc--manchester-united,h_cont,100,null,missing source
chelsea-fc--manchester-united,i_soc,75,null,missing source
chelsea-fc--manchester-united,i_name,100,null,missing source
chelsea-fc--manchester-city,h2h.total,102,null,missing source
chelsea-fc--manchester-city,stadium.a,40341,null,missing source
chelsea-fc--manchester-city,stadium.b,40000,null,missing source
chelsea-fc--manchester-city,h_club.a,80,null,missing source
chelsea-fc--manchester-city,h_club.b,80,null,missing source
chelsea-fc--manchester-city,h_dom,100,null,missing source
chelsea-fc--manchester-city,h_cont,100,null,missing source
chelsea-fc--manchester-city,i_soc,75,null,missing source
chelsea-fc--manchester-city,i_name,100,null,missing source
liverpool-fc--tottenham-hotspur,h2h.total,122,null,missing source
liverpool-fc--tottenham-hotspur,stadium.a,61276,null,missing source
liverpool-fc--tottenham-hotspur,stadium.b,62850,null,missing source
liverpool-fc--tottenham-hotspur,h_club.a,80,null,missing source
liverpool-fc--tottenham-hotspur,h_club.b,80,null,missing source
liverpool-fc--tottenham-hotspur,h_dom,100,null,missing source
liverpool-fc--tottenham-hotspur,h_cont,100,null,missing source
liverpool-fc--tottenham-hotspur,i_soc,75,null,missing source
liverpool-fc--tottenham-hotspur,i_name,100,null,missing source
newcastle-united--sunderland-afc,h2h.total,60,null,missing source
newcastle-united--sunderland-afc,stadium.a,52305,null,missing source
newcastle-united--sunderland-afc,stadium.b,49000,null,missing source
newcastle-united--sunderland-afc,h_club.a,80,null,missing source
newcastle-united--sunderland-afc,h_club.b,80,null,missing source
newcastle-united--sunderland-afc,h_dom,100,null,missing source
newcastle-united--sunderland-afc,h_cont,0,null,missing source
newcastle-united--sunderland-afc,i_soc,75,null,missing source
newcastle-united--sunderland-afc,i_name,100,null,missing source
aston-villa--birmingham-city,h2h.total,46,null,missing source
aston-villa--birmingham-city,stadium.a,42640,null,missing source
aston-villa--birmingham-city,stadium.b,40000,null,missing source
aston-villa--birmingham-city,h_club.a,80,null,missing source
aston-villa--birmingham-city,h_club.b,80,null,missing source
aston-villa--birmingham-city,h_dom,100,null,missing source
aston-villa--birmingham-city,h_cont,0,null,missing source
aston-villa--birmingham-city,i_soc,75,null,missing source
aston-villa--birmingham-city,i_name,100,null,missing source
celtic-fc--rangers-fc,h2h.total,232,null,missing source
celtic-fc--rangers-fc,stadium.a,60411,null,missing source
celtic-fc--rangers-fc,stadium.b,50817,null,missing source
celtic-fc--rangers-fc,h_club.a,80,null,missing source
celtic-fc--rangers-fc,h_club.b,80,null,missing source
celtic-fc--rangers-fc,h_dom,100,null,missing source
celtic-fc--rangers-fc,h_cont,0,null,missing source
celtic-fc--rangers-fc,i_soc,75,null,missing source
celtic-fc--rangers-fc,i_name,100,null,missing source
heart-of-midlothian--hibernian-fc,h2h.total,168,null,missing source
heart-of-midlothian--hibernian-fc,stadium.a,19852,null,missing source
heart-of-midlothian--hibernian-fc,stadium.b,20421,null,missing source
heart-of-midlothian--hibernian-fc,h_club.a,80,null,missing source
heart-of-midlothian--hibernian-fc,h_club.b,80,null,missing source
heart-of-midlothian--hibernian-fc,h_dom,100,null,missing source
heart-of-midlothian--hibernian-fc,h_cont,0,null,missing source
heart-of-midlothian--hibernian-fc,i_soc,75,null,missing source
heart-of-midlothian--hibernian-fc,i_name,100,null,missing source
ac-milan--fc-internazionale-milano,h2h.total,142,null,missing source
ac-milan--fc-internazionale-milano,stadium.a,75817,null,missing source
ac-milan--fc-internazionale-milano,stadium.b,40000,null,missing source
ac-milan--fc-internazionale-milano,h_club.a,80,null,missing source
ac-milan--fc-internazionale-milano,h_club.b,80,null,missing source
ac-milan--fc-internazionale-milano,h_dom,100,null,missing source
ac-milan--fc-internazionale-milano,h_cont,100,null,missing source
ac-milan--fc-internazionale-milano,i_soc,75,null,missing source
ac-milan--fc-internazionale-milano,i_name,100,null,missing source
fc-internazionale-milano--juventus-fc,h2h.total,136,null,missing source
fc-internazionale-milano--juventus-fc,stadium.a,41507,null,missing source
fc-internazionale-milano--juventus-fc,stadium.b,40000,null,missing source
fc-internazionale-milano--juventus-fc,h_club.a,80,null,missing source
fc-internazionale-milano--juventus-fc,h_club.b,80,null,missing source
fc-internazionale-milano--juventus-fc,h_dom,100,null,missing source
fc-internazionale-milano--juventus-fc,h_cont,0,null,missing source
fc-internazionale-milano--juventus-fc,i_soc,75,null,missing source
fc-internazionale-milano--juventus-fc,i_name,100,null,missing source
juventus-fc--torino-fc,h2h.total,98,null,missing source
juventus-fc--torino-fc,stadium.a,41507,null,missing source
juventus-fc--torino-fc,stadium.b,40000,null,missing source
juventus-fc--torino-fc,h_club.a,80,null,missing source
juventus-fc--torino-fc,h_club.b,80,null,missing source
juventus-fc--torino-fc,h_dom,100,null,missing source
juventus-fc--torino-fc,h_cont,0,null,missing source
juventus-fc--torino-fc,i_soc,75,null,missing source
juventus-fc--torino-fc,i_name,100,null,missing source
as-roma--ss-lazio,h2h.total,112,null,missing source
as-roma--ss-lazio,stadium.a,70634,null,missing source
as-roma--ss-lazio,stadium.b,70634,null,missing source
as-roma--ss-lazio,h_club.a,80,null,missing source
as-roma--ss-lazio,h_club.b,80,null,missing source
as-roma--ss-lazio,h_dom,100,null,missing source
as-roma--ss-lazio,h_cont,0,null,missing source
as-roma--ss-lazio,i_soc,75,null,missing source
as-roma--ss-lazio,i_name,100,null,missing source
genoa-cfc--uc-sampdoria,h2h.total,66,null,missing source
genoa-cfc--uc-sampdoria,stadium.a,33205,null,missing source
genoa-cfc--uc-sampdoria,stadium.b,33205,null,missing source
genoa-cfc--uc-sampdoria,h_club.a,80,null,missing source
genoa-cfc--uc-sampdoria,h_club.b,80,null,missing source
genoa-cfc--uc-sampdoria,h_dom,100,null,missing source
genoa-cfc--uc-sampdoria,h_cont,0,null,missing source
genoa-cfc--uc-sampdoria,i_soc,75,null,missing source
genoa-cfc--uc-sampdoria,i_name,100,null,missing source
ac-milan--juventus-fc,h2h.total,136,null,missing source
ac-milan--juventus-fc,stadium.a,75817,null,missing source
ac-milan--juventus-fc,stadium.b,41507,null,missing source
ac-milan--juventus-fc,h_club.a,80,null,missing source
ac-milan--juventus-fc,h_club.b,80,null,missing source
ac-milan--juventus-fc,h_dom,100,null,missing source
ac-milan--juventus-fc,h_cont,100,null,missing source
ac-milan--juventus-fc,i_soc,75,null,missing source
ac-milan--juventus-fc,i_name,100,null,missing source
fc-internazionale-milano--ss-lazio,h2h.total,110,null,missing source
fc-internazionale-milano--ss-lazio,stadium.a,40000,null,missing source
fc-internazionale-milano--ss-lazio,stadium.b,70634,null,missing source
fc-internazionale-milano--ss-lazio,h_club.a,80,null,missing source
fc-internazionale-milano--ss-lazio,h_club.b,80,null,missing source
fc-internazionale-milano--ss-lazio,h_dom,100,null,missing source
fc-internazionale-milano--ss-lazio,h_cont,100,null,missing source
fc-internazionale-milano--ss-lazio,i_soc,75,null,missing source
fc-internazionale-milano--ss-lazio,i_name,100,null,missing source
borussia-dortmund--fc-bayern-munich,h2h.total,118,null,missing source
borussia-dortmund--fc-bayern-munich,stadium.a,75024,null,missing source
borussia-dortmund--fc-bayern-munich,stadium.b,81365,null,missing source
borussia-dortmund--fc-bayern-munich,h_club.a,80,null,missing source
borussia-dortmund--fc-bayern-munich,h_club.b,80,null,missing source
borussia-dortmund--fc-bayern-munich,h_dom,100,null,missing source
borussia-dortmund--fc-bayern-munich,h_cont,100,null,missing source
borussia-dortmund--fc-bayern-munich,i_soc,75,null,missing source
borussia-dortmund--fc-bayern-munich,i_name,100,null,missing source
borussia-dortmund--fc-schalke-04,h2h.total,92,null,missing source
borussia-dortmund--fc-schalke-04,stadium.a,81365,null,missing source
borussia-dortmund--fc-schalke-04,stadium.b,62271,null,missing source
borussia-dortmund--fc-schalke-04,h_club.a,80,null,missing source
borussia-dortmund--fc-schalke-04,h_club.b,80,null,missing source
borussia-dortmund--fc-schalke-04,h_dom,100,null,missing source
borussia-dortmund--fc-schalke-04,h_cont,0,null,missing source
borussia-dortmund--fc-schalke-04,i_soc,75,null,missing source
borussia-dortmund--fc-schalke-04,i_name,100,null,missing source
hamburger-sv--sv-werder-bremen,h2h.total,96,null,missing source
hamburger-sv--sv-werder-bremen,stadium.a,57000,null,missing source
hamburger-sv--sv-werder-bremen,stadium.b,42100,null,missing source
hamburger-sv--sv-werder-bremen,h_club.a,80,null,missing source
hamburger-sv--sv-werder-bremen,h_club.b,80,null,missing source
hamburger-sv--sv-werder-bremen,h_dom,100,null,missing source
hamburger-sv--sv-werder-bremen,h_cont,100,null,missing source
hamburger-sv--sv-werder-bremen,i_soc,75,null,missing source
hamburger-sv--sv-werder-bremen,i_name,100,null,missing source
olympique-de-marseille--paris-saint-germain,h2h.total,108,null,missing source
olympique-de-marseille--paris-saint-germain,stadium.a,47929,null,missing source
olympique-de-marseille--paris-saint-germain,stadium.b,67394,null,missing source
olympique-de-marseille--paris-saint-germain,h_club.a,80,null,missing source
olympique-de-marseille--paris-saint-germain,h_club.b,80,null,missing source
olympique-de-marseille--paris-saint-germain,h_dom,100,null,missing source
olympique-de-marseille--paris-saint-germain,h_cont,0,null,missing source
olympique-de-marseille--paris-saint-germain,i_soc,75,null,missing source
olympique-de-marseille--paris-saint-germain,i_name,100,null,missing source
afc-ajax--feyenoord-rotterdam,h2h.total,118,null,missing source
afc-ajax--feyenoord-rotterdam,stadium.a,55865,null,missing source
afc-ajax--feyenoord-rotterdam,stadium.b,47500,null,missing source
afc-ajax--feyenoord-rotterdam,h_club.a,80,null,missing source
afc-ajax--feyenoord-rotterdam,h_club.b,80,null,missing source
afc-ajax--feyenoord-rotterdam,h_dom,100,null,missing source
afc-ajax--feyenoord-rotterdam,h_cont,0,null,missing source
afc-ajax--feyenoord-rotterdam,i_soc,75,null,missing source
afc-ajax--feyenoord-rotterdam,i_name,100,null,missing source
afc-ajax--psv-eindhoven,h2h.total,122,null,missing source
afc-ajax--psv-eindhoven,stadium.a,55865,null,missing source
afc-ajax--psv-eindhoven,stadium.b,35000,null,missing source
afc-ajax--psv-eindhoven,h_club.a,80,null,missing source
afc-ajax--psv-eindhoven,h_club.b,80,null,missing source
afc-ajax--psv-eindhoven,h_dom,100,null,missing source
afc-ajax--psv-eindhoven,h_cont,0,null,missing source
afc-ajax--psv-eindhoven,i_soc,75,null,missing source
afc-ajax--psv-eindhoven,i_name,100,null,missing source
fc-porto--sl-benfica,h2h.total,128,null,missing source
fc-porto--sl-benfica,stadium.a,64642,null,missing source
fc-porto--sl-benfica,stadium.b,50033,null,missing source
fc-porto--sl-benfica,h_club.a,80,null,missing source
fc-porto--sl-benfica,h_club.b,80,null,missing source
fc-porto--sl-benfica,h_dom,100,null,missing source
fc-porto--sl-benfica,h_cont,0,null,missing source
fc-porto--sl-benfica,i_soc,75,null,missing source
fc-porto--sl-benfica,i_name,100,null,missing source
sl-benfica--sporting-cp,h2h.total,132,null,missing source
sl-benfica--sporting-cp,stadium.a,64642,null,missing source
sl-benfica--sporting-cp,stadium.b,50095,null,missing source
sl-benfica--sporting-cp,h_club.a,80,null,missing source
sl-benfica--sporting-cp,h_club.b,80,null,missing source
sl-benfica--sporting-cp,h_dom,100,null,missing source
sl-benfica--sporting-cp,h_cont,0,null,missing source
sl-benfica--sporting-cp,i_soc,75,null,missing source
sl-benfica--sporting-cp,i_name,100,null,missing source
olympiacos-fc--panathinaikos-fc,h2h.total,134,null,missing source
olympiacos-fc--panathinaikos-fc,stadium.a,32115,null,missing source
olympiacos-fc--panathinaikos-fc,stadium.b,16003,null,missing source
olympiacos-fc--panathinaikos-fc,h_club.a,80,null,missing source
olympiacos-fc--panathinaikos-fc,h_club.b,80,null,missing source
olympiacos-fc--panathinaikos-fc,h_dom,100,null,missing source
olympiacos-fc--panathinaikos-fc,h_cont,0,null,missing source
olympiacos-fc--panathinaikos-fc,i_soc,75,null,missing source
olympiacos-fc--panathinaikos-fc,i_name,100,null,missing source
fenerbahce-sk--galatasaray-sk,h2h.total,135,null,missing source
fenerbahce-sk--galatasaray-sk,stadium.a,53798,null,missing source
fenerbahce-sk--galatasaray-sk,stadium.b,47834,null,missing source
fenerbahce-sk--galatasaray-sk,h_club.a,80,null,missing source
fenerbahce-sk--galatasaray-sk,h_club.b,80,null,missing source
fenerbahce-sk--galatasaray-sk,h_dom,100,null,missing source
fenerbahce-sk--galatasaray-sk,h_cont,0,null,missing source
fenerbahce-sk--galatasaray-sk,i_soc,75,null,missing source
fenerbahce-sk--galatasaray-sk,i_name,100,null,missing source
fc-bayern-munich--real-madrid,h2h.total,28,null,missing source
fc-bayern-munich--real-madrid,stadium.a,83186,null,missing source
fc-bayern-munich--real-madrid,stadium.b,75024,null,missing source
fc-bayern-munich--real-madrid,h_club.a,80,null,missing source
fc-bayern-munich--real-madrid,h_club.b,80,null,missing source
fc-bayern-munich--real-madrid,h_dom,100,null,missing source
fc-bayern-munich--real-madrid,h_cont,100,null,missing source
fc-bayern-munich--real-madrid,i_soc,75,null,missing source
fc-bayern-munich--real-madrid,i_name,100,null,missing source
ca-boca-juniors--ca-river-plate,h2h.total,150,null,missing source
ca-boca-juniors--ca-river-plate,stadium.a,57200,null,missing source
ca-boca-juniors--ca-river-plate,stadium.b,85018,null,missing source
ca-boca-juniors--ca-river-plate,h_club.a,80,null,missing source
ca-boca-juniors--ca-river-plate,h_club.b,80,null,missing source
ca-boca-juniors--ca-river-plate,h_dom,100,null,missing source
ca-boca-juniors--ca-river-plate,h_cont,100,null,missing source
ca-boca-juniors--ca-river-plate,i_soc,75,null,missing source
ca-boca-juniors--ca-river-plate,i_name,100,null,missing source
ca-independiente--racing-club,h2h.total,105,null,missing source
ca-independiente--racing-club,stadium.a,42069,null,missing source
ca-independiente--racing-club,stadium.b,51389,null,missing source
ca-independiente--racing-club,h_club.a,80,null,missing source
ca-independiente--racing-club,h_club.b,80,null,missing source
ca-independiente--racing-club,h_dom,100,null,missing source
ca-independiente--racing-club,h_cont,0,null,missing source
ca-independiente--racing-club,i_soc,75,null,missing source
ca-independiente--racing-club,i_name,100,null,missing source
ca-huracan--ca-san-lorenzo,h2h.total,88,null,missing source
ca-huracan--ca-san-lorenzo,stadium.a,47964,null,missing source
ca-huracan--ca-san-lorenzo,stadium.b,40000,null,missing source
ca-huracan--ca-san-lorenzo,h_club.a,80,null,missing source
ca-huracan--ca-san-lorenzo,h_club.b,80,null,missing source
ca-huracan--ca-san-lorenzo,h_dom,100,null,missing source
ca-huracan--ca-san-lorenzo,h_cont,0,null,missing source
ca-huracan--ca-san-lorenzo,i_soc,75,null,missing source
ca-huracan--ca-san-lorenzo,i_name,100,null,missing source
ca-rosario-central--newells-old-boys,h2h.total,98,null,missing source
ca-rosario-central--newells-old-boys,stadium.a,46955,null,missing source
ca-rosario-central--newells-old-boys,stadium.b,42000,null,missing source
ca-rosario-central--newells-old-boys,h_club.a,80,null,missing source
ca-rosario-central--newells-old-boys,h_club.b,80,null,missing source
ca-rosario-central--newells-old-boys,h_dom,100,null,missing source
ca-rosario-central--newells-old-boys,h_cont,0,null,missing source
ca-rosario-central--newells-old-boys,i_soc,75,null,missing source
ca-rosario-central--newells-old-boys,i_name,100,null,missing source
estudiantes-de-la-plata--gimnasia-lp,h2h.total,86,null,missing source
estudiantes-de-la-plata--gimnasia-lp,stadium.a,40000,null,missing source
estudiantes-de-la-plata--gimnasia-lp,stadium.b,40000,null,missing source
estudiantes-de-la-plata--gimnasia-lp,h_club.a,80,null,missing source
estudiantes-de-la-plata--gimnasia-lp,h_club.b,80,null,missing source
estudiantes-de-la-plata--gimnasia-lp,h_dom,100,null,missing source
estudiantes-de-la-plata--gimnasia-lp,h_cont,0,null,missing source
estudiantes-de-la-plata--gimnasia-lp,i_soc,75,null,missing source
estudiantes-de-la-plata--gimnasia-lp,i_name,100,null,missing source
ca-boca-juniors--ca-independiente,h2h.total,105,null,missing source
ca-boca-juniors--ca-independiente,stadium.a,57200,null,missing source
ca-boca-juniors--ca-independiente,stadium.b,42069,null,missing source
ca-boca-juniors--ca-independiente,h_club.a,80,null,missing source
ca-boca-juniors--ca-independiente,h_club.b,80,null,missing source
ca-boca-juniors--ca-independiente,h_dom,100,null,missing source
ca-boca-juniors--ca-independiente,h_cont,100,null,missing source
ca-boca-juniors--ca-independiente,i_soc,75,null,missing source
ca-boca-juniors--ca-independiente,i_name,100,null,missing source
cr-flamengo--fluminense-fc,h2h.total,185,null,missing source
cr-flamengo--fluminense-fc,stadium.a,78838,null,missing source
cr-flamengo--fluminense-fc,stadium.b,78838,null,missing source
cr-flamengo--fluminense-fc,h_club.a,80,null,missing source
cr-flamengo--fluminense-fc,h_club.b,80,null,missing source
cr-flamengo--fluminense-fc,h_dom,100,null,missing source
cr-flamengo--fluminense-fc,h_cont,0,null,missing source
cr-flamengo--fluminense-fc,i_soc,75,null,missing source
cr-flamengo--fluminense-fc,i_name,100,null,missing source
cr-flamengo--cr-vasco-da-gama,h2h.total,175,null,missing source
cr-flamengo--cr-vasco-da-gama,stadium.a,78838,null,missing source
cr-flamengo--cr-vasco-da-gama,stadium.b,21880,null,missing source
cr-flamengo--cr-vasco-da-gama,h_club.a,80,null,missing source
cr-flamengo--cr-vasco-da-gama,h_club.b,80,null,missing source
cr-flamengo--cr-vasco-da-gama,h_dom,100,null,missing source
cr-flamengo--cr-vasco-da-gama,h_cont,0,null,missing source
cr-flamengo--cr-vasco-da-gama,i_soc,75,null,missing source
cr-flamengo--cr-vasco-da-gama,i_name,100,null,missing source
botafogo-fr--cr-flamengo,h2h.total,165,null,missing source
botafogo-fr--cr-flamengo,stadium.a,78838,null,missing source
botafogo-fr--cr-flamengo,stadium.b,40000,null,missing source
botafogo-fr--cr-flamengo,h_club.a,80,null,missing source
botafogo-fr--cr-flamengo,h_club.b,80,null,missing source
botafogo-fr--cr-flamengo,h_dom,100,null,missing source
botafogo-fr--cr-flamengo,h_cont,0,null,missing source
botafogo-fr--cr-flamengo,i_soc,75,null,missing source
botafogo-fr--cr-flamengo,i_name,100,null,missing source
cr-vasco-da-gama--fluminense-fc,h2h.total,155,null,missing source
cr-vasco-da-gama--fluminense-fc,stadium.a,21880,null,missing source
cr-vasco-da-gama--fluminense-fc,stadium.b,78838,null,missing source
cr-vasco-da-gama--fluminense-fc,h_club.a,80,null,missing source
cr-vasco-da-gama--fluminense-fc,h_club.b,80,null,missing source
cr-vasco-da-gama--fluminense-fc,h_dom,100,null,missing source
cr-vasco-da-gama--fluminense-fc,h_cont,0,null,missing source
cr-vasco-da-gama--fluminense-fc,i_soc,75,null,missing source
cr-vasco-da-gama--fluminense-fc,i_name,100,null,missing source
sc-corinthians--se-palmeiras,h2h.total,168,null,missing source
sc-corinthians--se-palmeiras,stadium.a,49205,null,missing source
sc-corinthians--se-palmeiras,stadium.b,43713,null,missing source
sc-corinthians--se-palmeiras,h_club.a,80,null,missing source
sc-corinthians--se-palmeiras,h_club.b,80,null,missing source
sc-corinthians--se-palmeiras,h_dom,100,null,missing source
sc-corinthians--se-palmeiras,h_cont,100,null,missing source
sc-corinthians--se-palmeiras,i_soc,75,null,missing source
sc-corinthians--se-palmeiras,i_name,100,null,missing source
sao-paulo-fc--sc-corinthians,h2h.total,162,null,missing source
sao-paulo-fc--sc-corinthians,stadium.a,66795,null,missing source
sao-paulo-fc--sc-corinthians,stadium.b,49205,null,missing source
sao-paulo-fc--sc-corinthians,h_club.a,80,null,missing source
sao-paulo-fc--sc-corinthians,h_club.b,80,null,missing source
sao-paulo-fc--sc-corinthians,h_dom,100,null,missing source
sao-paulo-fc--sc-corinthians,h_cont,100,null,missing source
sao-paulo-fc--sc-corinthians,i_soc,75,null,missing source
sao-paulo-fc--sc-corinthians,i_name,100,null,missing source
sao-paulo-fc--se-palmeiras,h2h.total,160,null,missing source
sao-paulo-fc--se-palmeiras,stadium.a,66795,null,missing source
sao-paulo-fc--se-palmeiras,stadium.b,43713,null,missing source
sao-paulo-fc--se-palmeiras,h_club.a,80,null,missing source
sao-paulo-fc--se-palmeiras,h_club.b,80,null,missing source
sao-paulo-fc--se-palmeiras,h_dom,100,null,missing source
sao-paulo-fc--se-palmeiras,h_cont,100,null,missing source
sao-paulo-fc--se-palmeiras,i_soc,75,null,missing source
sao-paulo-fc--se-palmeiras,i_name,100,null,missing source
santos-fc--se-palmeiras,h2h.total,142,null,missing source
santos-fc--se-palmeiras,stadium.a,16068,null,missing source
santos-fc--se-palmeiras,stadium.b,43713,null,missing source
santos-fc--se-palmeiras,h_club.a,80,null,missing source
santos-fc--se-palmeiras,h_club.b,80,null,missing source
santos-fc--se-palmeiras,h_dom,100,null,missing source
santos-fc--se-palmeiras,h_cont,100,null,missing source
santos-fc--se-palmeiras,i_soc,75,null,missing source
santos-fc--se-palmeiras,i_name,100,null,missing source
gremio-fbpa--sc-internacional,h2h.total,195,null,missing source
gremio-fbpa--sc-internacional,stadium.a,55662,null,missing source
gremio-fbpa--sc-internacional,stadium.b,50842,null,missing source
gremio-fbpa--sc-internacional,h_club.a,80,null,missing source
gremio-fbpa--sc-internacional,h_club.b,80,null,missing source
gremio-fbpa--sc-internacional,h_dom,100,null,missing source
gremio-fbpa--sc-internacional,h_cont,0,null,missing source
gremio-fbpa--sc-internacional,i_soc,75,null,missing source
gremio-fbpa--sc-internacional,i_name,100,null,missing source
clube-atletico-mineiro--cruzeiro-ec,h2h.total,198,null,missing source
clube-atletico-mineiro--cruzeiro-ec,stadium.a,46000,null,missing source
clube-atletico-mineiro--cruzeiro-ec,stadium.b,61846,null,missing source
clube-atletico-mineiro--cruzeiro-ec,h_club.a,80,null,missing source
clube-atletico-mineiro--cruzeiro-ec,h_club.b,80,null,missing source
clube-atletico-mineiro--cruzeiro-ec,h_dom,100,null,missing source
clube-atletico-mineiro--cruzeiro-ec,h_cont,0,null,missing source
clube-atletico-mineiro--cruzeiro-ec,i_soc,75,null,missing source
clube-atletico-mineiro--cruzeiro-ec,i_name,100,null,missing source
club-athletico-paranaense--coritiba-fbc,h2h.total,165,null,missing source
club-athletico-paranaense--coritiba-fbc,stadium.a,40000,null,missing source
club-athletico-paranaense--coritiba-fbc,stadium.b,40000,null,missing source
club-athletico-paranaense--coritiba-fbc,h_club.a,80,null,missing source
club-athletico-paranaense--coritiba-fbc,h_club.b,80,null,missing source
club-athletico-paranaense--coritiba-fbc,h_dom,100,null,missing source
club-athletico-paranaense--coritiba-fbc,h_cont,0,null,missing source
club-athletico-paranaense--coritiba-fbc,i_soc,75,null,missing source
club-athletico-paranaense--coritiba-fbc,i_name,100,null,missing source
ec-bahia--ec-vitoria,h2h.total,205,null,missing source
ec-bahia--ec-vitoria,stadium.a,40000,null,missing source
ec-bahia--ec-vitoria,stadium.b,40000,null,missing source
ec-bahia--ec-vitoria,h_club.a,80,null,missing source
ec-bahia--ec-vitoria,h_club.b,80,null,missing source
ec-bahia--ec-vitoria,h_dom,100,null,missing source
ec-bahia--ec-vitoria,h_cont,0,null,missing source
ec-bahia--ec-vitoria,i_soc,75,null,missing source
ec-bahia--ec-vitoria,i_name,100,null,missing source
cr-flamengo--se-palmeiras,h2h.total,95,null,missing source
cr-flamengo--se-palmeiras,stadium.a,43713,null,missing source
cr-flamengo--se-palmeiras,stadium.b,78838,null,missing source
cr-flamengo--se-palmeiras,h_club.a,80,null,missing source
cr-flamengo--se-palmeiras,h_club.b,80,null,missing source
cr-flamengo--se-palmeiras,h_dom,100,null,missing source
cr-flamengo--se-palmeiras,h_cont,100,null,missing source
cr-flamengo--se-palmeiras,i_soc,75,null,missing source
cr-flamengo--se-palmeiras,i_name,100,null,missing source
athletico-paranaense--sao-paulo-fc,h2h.total,68,null,missing source
athletico-paranaense--sao-paulo-fc,stadium.a,66795,null,missing source
athletico-paranaense--sao-paulo-fc,stadium.b,40000,null,missing source
athletico-paranaense--sao-paulo-fc,h_club.a,80,null,missing source
athletico-paranaense--sao-paulo-fc,h_club.b,80,null,missing source
athletico-paranaense--sao-paulo-fc,h_dom,100,null,missing source
athletico-paranaense--sao-paulo-fc,h_cont,100,null,missing source
athletico-paranaense--sao-paulo-fc,i_soc,75,null,missing source
athletico-paranaense--sao-paulo-fc,i_name,100,null,missing source
sao-paulo-fc--sc-internacional,h2h.total,75,null,missing source
sao-paulo-fc--sc-internacional,stadium.a,50842,null,missing source
sao-paulo-fc--sc-internacional,stadium.b,66795,null,missing source
sao-paulo-fc--sc-internacional,h_club.a,80,null,missing source
sao-paulo-fc--sc-internacional,h_club.b,80,null,missing source
sao-paulo-fc--sc-internacional,h_dom,100,null,missing source
sao-paulo-fc--sc-internacional,h_cont,100,null,missing source
sao-paulo-fc--sc-internacional,i_soc,75,null,missing source
sao-paulo-fc--sc-internacional,i_name,100,null,missing source
botafogo-fr--clube-atletico-mineiro,h2h.total,85,null,missing source
botafogo-fr--clube-atletico-mineiro,stadium.a,46000,null,missing source
botafogo-fr--clube-atletico-mineiro,stadium.b,40000,null,missing source
botafogo-fr--clube-atletico-mineiro,h_club.a,80,null,missing source
botafogo-fr--clube-atletico-mineiro,h_club.b,80,null,missing source
botafogo-fr--clube-atletico-mineiro,h_dom,100,null,missing source
botafogo-fr--clube-atletico-mineiro,h_cont,100,null,missing source
botafogo-fr--clube-atletico-mineiro,i_soc,75,null,missing source
botafogo-fr--clube-atletico-mineiro,i_name,100,null,missing source
ca-penarol--club-nacional-de-football,h2h.total,210,null,missing source
ca-penarol--club-nacional-de-football,stadium.a,34000,null,missing source
ca-penarol--club-nacional-de-football,stadium.b,40005,null,missing source
ca-penarol--club-nacional-de-football,h_club.a,80,null,missing source
ca-penarol--club-nacional-de-football,h_club.b,80,null,missing source
ca-penarol--club-nacional-de-football,h_dom,100,null,missing source
ca-penarol--club-nacional-de-football,h_cont,100,null,missing source
ca-penarol--club-nacional-de-football,i_soc,75,null,missing source
ca-penarol--club-nacional-de-football,i_name,100,null,missing source
club-universidad-de-chile--csd-colo-colo,h2h.total,128,null,missing source
club-universidad-de-chile--csd-colo-colo,stadium.a,43667,null,missing source
club-universidad-de-chile--csd-colo-colo,stadium.b,48665,null,missing source
club-universidad-de-chile--csd-colo-colo,h_club.a,80,null,missing source
club-universidad-de-chile--csd-colo-colo,h_club.b,80,null,missing source
club-universidad-de-chile--csd-colo-colo,h_dom,100,null,missing source
club-universidad-de-chile--csd-colo-colo,h_cont,0,null,missing source
club-universidad-de-chile--csd-colo-colo,i_soc,75,null,missing source
club-universidad-de-chile--csd-colo-colo,i_name,100,null,missing source
universidad-catolica--universidad-de-chile,h2h.total,126,null,missing source
universidad-catolica--universidad-de-chile,stadium.a,20000,null,missing source
universidad-catolica--universidad-de-chile,stadium.b,48665,null,missing source
universidad-catolica--universidad-de-chile,h_club.a,80,null,missing source
universidad-catolica--universidad-de-chile,h_club.b,80,null,missing source
universidad-catolica--universidad-de-chile,h_dom,100,null,missing source
universidad-catolica--universidad-de-chile,h_cont,0,null,missing source
universidad-catolica--universidad-de-chile,i_soc,75,null,missing source
universidad-catolica--universidad-de-chile,i_name,100,null,missing source
atletico-nacional--millonarios-fc,h2h.total,118,null,missing source
atletico-nacional--millonarios-fc,stadium.a,44863,null,missing source
atletico-nacional--millonarios-fc,stadium.b,36343,null,missing source
atletico-nacional--millonarios-fc,h_club.a,80,null,missing source
atletico-nacional--millonarios-fc,h_club.b,80,null,missing source
atletico-nacional--millonarios-fc,h_dom,100,null,missing source
atletico-nacional--millonarios-fc,h_cont,100,null,missing source
atletico-nacional--millonarios-fc,i_soc,75,null,missing source
atletico-nacional--millonarios-fc,i_name,100,null,missing source
independiente-santa-fe--millonarios-fc,h2h.total,145,null,missing source
independiente-santa-fe--millonarios-fc,stadium.a,36343,null,missing source
independiente-santa-fe--millonarios-fc,stadium.b,42069,null,missing source
independiente-santa-fe--millonarios-fc,h_club.a,80,null,missing source
independiente-santa-fe--millonarios-fc,h_club.b,80,null,missing source
independiente-santa-fe--millonarios-fc,h_dom,100,null,missing source
independiente-santa-fe--millonarios-fc,h_cont,0,null,missing source
independiente-santa-fe--millonarios-fc,i_soc,75,null,missing source
independiente-santa-fe--millonarios-fc,i_name,100,null,missing source
atletico-nacional--independiente-medellin,h2h.total,155,null,missing source
atletico-nacional--independiente-medellin,stadium.a,44863,null,missing source
atletico-nacional--independiente-medellin,stadium.b,42069,null,missing source
atletico-nacional--independiente-medellin,h_club.a,80,null,missing source
atletico-nacional--independiente-medellin,h_club.b,80,null,missing source
atletico-nacional--independiente-medellin,h_dom,100,null,missing source
atletico-nacional--independiente-medellin,h_cont,0,null,missing source
atletico-nacional--independiente-medellin,i_soc,75,null,missing source
atletico-nacional--independiente-medellin,i_name,100,null,missing source
america-de-cali--deportivo-cali,h2h.total,152,null,missing source
america-de-cali--deportivo-cali,stadium.a,37899,null,missing source
america-de-cali--deportivo-cali,stadium.b,42000,null,missing source
america-de-cali--deportivo-cali,h_club.a,80,null,missing source
america-de-cali--deportivo-cali,h_club.b,80,null,missing source
america-de-cali--deportivo-cali,h_dom,100,null,missing source
america-de-cali--deportivo-cali,h_cont,100,null,missing source
america-de-cali--deportivo-cali,i_soc,75,null,missing source
america-de-cali--deportivo-cali,i_name,100,null,missing source
club-alianza-lima--club-universitario,h2h.total,155,null,missing source
club-alianza-lima--club-universitario,stadium.a,80093,null,missing source
club-alianza-lima--club-universitario,stadium.b,33938,null,missing source
club-alianza-lima--club-universitario,h_club.a,80,null,missing source
club-alianza-lima--club-universitario,h_club.b,80,null,missing source
club-alianza-lima--club-universitario,h_dom,100,null,missing source
club-alianza-lima--club-universitario,h_cont,0,null,missing source
club-alianza-lima--club-universitario,i_soc,75,null,missing source
club-alianza-lima--club-universitario,i_name,100,null,missing source
barcelona-sc--cs-emelec,h2h.total,156,null,missing source
barcelona-sc--cs-emelec,stadium.a,59283,null,missing source
barcelona-sc--cs-emelec,stadium.b,40000,null,missing source
barcelona-sc--cs-emelec,h_club.a,80,null,missing source
barcelona-sc--cs-emelec,h_club.b,80,null,missing source
barcelona-sc--cs-emelec,h_dom,100,null,missing source
barcelona-sc--cs-emelec,h_cont,0,null,missing source
barcelona-sc--cs-emelec,i_soc,75,null,missing source
barcelona-sc--cs-emelec,i_name,100,null,missing source
club-cerro-porteno--club-olimpia,h2h.total,185,null,missing source
club-cerro-porteno--club-olimpia,stadium.a,19820,null,missing source
club-cerro-porteno--club-olimpia,stadium.b,45000,null,missing source
club-cerro-porteno--club-olimpia,h_club.a,80,null,missing source
club-cerro-porteno--club-olimpia,h_club.b,80,null,missing source
club-cerro-porteno--club-olimpia,h_dom,100,null,missing source
club-cerro-porteno--club-olimpia,h_cont,0,null,missing source
club-cerro-porteno--club-olimpia,i_soc,75,null,missing source
club-cerro-porteno--club-olimpia,i_name,100,null,missing source
club-bolivar--the-strongest,h2h.total,188,null,missing source
club-bolivar--the-strongest,stadium.a,40000,null,missing source
club-bolivar--the-strongest,stadium.b,40000,null,missing source
club-bolivar--the-strongest,h_club.a,80,null,missing source
club-bolivar--the-strongest,h_club.b,80,null,missing source
club-bolivar--the-strongest,h_dom,100,null,missing source
club-bolivar--the-strongest,h_cont,100,null,missing source
club-bolivar--the-strongest,i_soc,75,null,missing source
club-bolivar--the-strongest,i_name,100,null,missing source
fluminense-fc--ldu-quito,h2h.total,10,null,missing source
fluminense-fc--ldu-quito,stadium.a,41575,null,missing source
fluminense-fc--ldu-quito,stadium.b,78838,null,missing source
fluminense-fc--ldu-quito,h_club.a,80,null,missing source
fluminense-fc--ldu-quito,h_club.b,80,null,missing source
fluminense-fc--ldu-quito,h_dom,100,null,missing source
fluminense-fc--ldu-quito,h_cont,100,null,missing source
fluminense-fc--ldu-quito,i_soc,75,null,missing source
fluminense-fc--ldu-quito,i_name,100,null,missing source
al-ahly-sc--zamalek-sc,h2h.total,120,null,missing source
al-ahly-sc--zamalek-sc,stadium.a,75000,null,missing source
al-ahly-sc--zamalek-sc,stadium.b,75000,null,missing source
al-ahly-sc--zamalek-sc,h_club.a,80,null,missing source
al-ahly-sc--zamalek-sc,h_club.b,80,null,missing source
al-ahly-sc--zamalek-sc,h_dom,100,null,missing source
al-ahly-sc--zamalek-sc,h_cont,100,null,missing source
al-ahly-sc--zamalek-sc,i_soc,75,null,missing source
al-ahly-sc--zamalek-sc,i_name,100,null,missing source
raja-club-athletic--wydad-ac,h2h.total,115,null,missing source
raja-club-athletic--wydad-ac,stadium.a,40000,null,missing source
raja-club-athletic--wydad-ac,stadium.b,45891,null,missing source
raja-club-athletic--wydad-ac,h_club.a,80,null,missing source
raja-club-athletic--wydad-ac,h_club.b,80,null,missing source
raja-club-athletic--wydad-ac,h_dom,100,null,missing source
raja-club-athletic--wydad-ac,h_cont,100,null,missing source
raja-club-athletic--wydad-ac,i_soc,75,null,missing source
raja-club-athletic--wydad-ac,i_name,100,null,missing source
club-africain--esperance-de-tunis,h2h.total,115,null,missing source
club-africain--esperance-de-tunis,stadium.a,60000,null,missing source
club-africain--esperance-de-tunis,stadium.b,60000,null,missing source
club-africain--esperance-de-tunis,h_club.a,80,null,missing source
club-africain--esperance-de-tunis,h_club.b,80,null,missing source
club-africain--esperance-de-tunis,h_dom,100,null,missing source
club-africain--esperance-de-tunis,h_cont,0,null,missing source
club-africain--esperance-de-tunis,i_soc,75,null,missing source
club-africain--esperance-de-tunis,i_name,100,null,missing source
esperance-de-tunis--etoile-du-sahel,h2h.total,118,null,missing source
esperance-de-tunis--etoile-du-sahel,stadium.a,60000,null,missing source
esperance-de-tunis--etoile-du-sahel,stadium.b,40000,null,missing source
esperance-de-tunis--etoile-du-sahel,h_club.a,80,null,missing source
esperance-de-tunis--etoile-du-sahel,h_club.b,80,null,missing source
esperance-de-tunis--etoile-du-sahel,h_dom,100,null,missing source
esperance-de-tunis--etoile-du-sahel,h_cont,100,null,missing source
esperance-de-tunis--etoile-du-sahel,i_soc,75,null,missing source
esperance-de-tunis--etoile-du-sahel,i_name,100,null,missing source
kaizer-chiefs--orlando-pirates,h2h.total,125,null,missing source
kaizer-chiefs--orlando-pirates,stadium.a,40000,null,missing source
kaizer-chiefs--orlando-pirates,stadium.b,40000,null,missing source
kaizer-chiefs--orlando-pirates,h_club.a,80,null,missing source
kaizer-chiefs--orlando-pirates,h_club.b,80,null,missing source
kaizer-chiefs--orlando-pirates,h_dom,100,null,missing source
kaizer-chiefs--orlando-pirates,h_cont,0,null,missing source
kaizer-chiefs--orlando-pirates,i_soc,75,null,missing source
kaizer-chiefs--orlando-pirates,i_name,100,null,missing source
mamelodi-sundowns--supersport-united,h2h.total,70,null,missing source
mamelodi-sundowns--supersport-united,stadium.a,40000,null,missing source
mamelodi-sundowns--supersport-united,stadium.b,40000,null,missing source
mamelodi-sundowns--supersport-united,h_club.a,80,null,missing source
mamelodi-sundowns--supersport-united,h_club.b,80,null,missing source
mamelodi-sundowns--supersport-united,h_dom,100,null,missing source
mamelodi-sundowns--supersport-united,h_cont,0,null,missing source
mamelodi-sundowns--supersport-united,i_soc,75,null,missing source
mamelodi-sundowns--supersport-united,i_name,100,null,missing source
kaizer-chiefs--mamelodi-sundowns,h2h.total,88,null,missing source
kaizer-chiefs--mamelodi-sundowns,stadium.a,40000,null,missing source
kaizer-chiefs--mamelodi-sundowns,stadium.b,40000,null,missing source
kaizer-chiefs--mamelodi-sundowns,h_club.a,80,null,missing source
kaizer-chiefs--mamelodi-sundowns,h_club.b,80,null,missing source
kaizer-chiefs--mamelodi-sundowns,h_dom,100,null,missing source
kaizer-chiefs--mamelodi-sundowns,h_cont,0,null,missing source
kaizer-chiefs--mamelodi-sundowns,i_soc,75,null,missing source
kaizer-chiefs--mamelodi-sundowns,i_name,100,null,missing source
mc-alger--usm-alger,h2h.total,90,null,missing source
mc-alger--usm-alger,stadium.a,40000,null,missing source
mc-alger--usm-alger,stadium.b,40000,null,missing source
mc-alger--usm-alger,h_club.a,80,null,missing source
mc-alger--usm-alger,h_club.b,80,null,missing source
mc-alger--usm-alger,h_dom,100,null,missing source
mc-alger--usm-alger,h_cont,0,null,missing source
mc-alger--usm-alger,i_soc,75,null,missing source
mc-alger--usm-alger,i_name,100,null,missing source
js-kabylie--mc-alger,h2h.total,92,null,missing source
js-kabylie--mc-alger,stadium.a,40000,null,missing source
js-kabylie--mc-alger,stadium.b,40000,null,missing source
js-kabylie--mc-alger,h_club.a,80,null,missing source
js-kabylie--mc-alger,h_club.b,80,null,missing source
js-kabylie--mc-alger,h_dom,100,null,missing source
js-kabylie--mc-alger,h_cont,0,null,missing source
js-kabylie--mc-alger,i_soc,75,null,missing source
js-kabylie--mc-alger,i_name,100,null,missing source
cr-belouizdad--mc-alger,h2h.total,88,null,missing source
cr-belouizdad--mc-alger,stadium.a,40000,null,missing source
cr-belouizdad--mc-alger,stadium.b,40000,null,missing source
cr-belouizdad--mc-alger,h_club.a,80,null,missing source
cr-belouizdad--mc-alger,h_club.b,80,null,missing source
cr-belouizdad--mc-alger,h_dom,100,null,missing source
cr-belouizdad--mc-alger,h_cont,0,null,missing source
cr-belouizdad--mc-alger,i_soc,75,null,missing source
cr-belouizdad--mc-alger,i_name,100,null,missing source
asante-kotoko--hearts-of-oak,h2h.total,82,null,missing source
asante-kotoko--hearts-of-oak,stadium.a,40000,null,missing source
asante-kotoko--hearts-of-oak,stadium.b,40000,null,missing source
asante-kotoko--hearts-of-oak,h_club.a,80,null,missing source
asante-kotoko--hearts-of-oak,h_club.b,80,null,missing source
asante-kotoko--hearts-of-oak,h_dom,100,null,missing source
asante-kotoko--hearts-of-oak,h_cont,100,null,missing source
asante-kotoko--hearts-of-oak,i_soc,75,null,missing source
asante-kotoko--hearts-of-oak,i_name,100,null,missing source
as-vita-club--tp-mazembe,h2h.total,48,null,missing source
as-vita-club--tp-mazembe,stadium.a,40000,null,missing source
as-vita-club--tp-mazembe,stadium.b,40000,null,missing source
as-vita-club--tp-mazembe,h_club.a,80,null,missing source
as-vita-club--tp-mazembe,h_club.b,80,null,missing source
as-vita-club--tp-mazembe,h_dom,100,null,missing source
as-vita-club--tp-mazembe,h_cont,100,null,missing source
as-vita-club--tp-mazembe,i_soc,75,null,missing source
as-vita-club--tp-mazembe,i_name,100,null,missing source
as-vita-club--dc-motema-pembe,h2h.total,82,null,missing source
as-vita-club--dc-motema-pembe,stadium.a,40000,null,missing source
as-vita-club--dc-motema-pembe,stadium.b,40000,null,missing source
as-vita-club--dc-motema-pembe,h_club.a,80,null,missing source
as-vita-club--dc-motema-pembe,h_club.b,80,null,missing source
as-vita-club--dc-motema-pembe,h_dom,100,null,missing source
as-vita-club--dc-motema-pembe,h_cont,0,null,missing source
as-vita-club--dc-motema-pembe,i_soc,75,null,missing source
as-vita-club--dc-motema-pembe,i_name,100,null,missing source
al-hilal-club--al-merrikh-sc,h2h.total,112,null,missing source
al-hilal-club--al-merrikh-sc,stadium.a,40000,null,missing source
al-hilal-club--al-merrikh-sc,stadium.b,40000,null,missing source
al-hilal-club--al-merrikh-sc,h_club.a,80,null,missing source
al-hilal-club--al-merrikh-sc,h_club.b,80,null,missing source
al-hilal-club--al-merrikh-sc,h_dom,100,null,missing source
al-hilal-club--al-merrikh-sc,h_cont,100,null,missing source
al-hilal-club--al-merrikh-sc,i_soc,75,null,missing source
al-hilal-club--al-merrikh-sc,i_name,100,null,missing source
simba-sc--young-africans-sc-yanga,h2h.total,85,null,missing source
simba-sc--young-africans-sc-yanga,stadium.a,40000,null,missing source
simba-sc--young-africans-sc-yanga,stadium.b,40000,null,missing source
simba-sc--young-africans-sc-yanga,h_club.a,80,null,missing source
simba-sc--young-africans-sc-yanga,h_club.b,80,null,missing source
simba-sc--young-africans-sc-yanga,h_dom,100,null,missing source
simba-sc--young-africans-sc-yanga,h_cont,0,null,missing source
simba-sc--young-africans-sc-yanga,i_soc,75,null,missing source
simba-sc--young-africans-sc-yanga,i_name,100,null,missing source
afc-leopards--gor-mahia-fc,h2h.total,82,null,missing source
afc-leopards--gor-mahia-fc,stadium.a,40000,null,missing source
afc-leopards--gor-mahia-fc,stadium.b,40000,null,missing source
afc-leopards--gor-mahia-fc,h_club.a,80,null,missing source
afc-leopards--gor-mahia-fc,h_club.b,80,null,missing source
afc-leopards--gor-mahia-fc,h_dom,100,null,missing source
afc-leopards--gor-mahia-fc,h_cont,0,null,missing source
afc-leopards--gor-mahia-fc,i_soc,75,null,missing source
afc-leopards--gor-mahia-fc,i_name,100,null,missing source
africa-sports--asec-mimosas,h2h.total,95,null,missing source
africa-sports--asec-mimosas,stadium.a,40000,null,missing source
africa-sports--asec-mimosas,stadium.b,40000,null,missing source
africa-sports--asec-mimosas,h_club.a,80,null,missing source
africa-sports--asec-mimosas,h_club.b,80,null,missing source
africa-sports--asec-mimosas,h_dom,100,null,missing source
africa-sports--asec-mimosas,h_cont,100,null,missing source
africa-sports--asec-mimosas,i_soc,75,null,missing source
africa-sports--asec-mimosas,i_name,100,null,missing source
al-ahly-sc--esperance-de-tunis,h2h.total,26,null,missing source
al-ahly-sc--esperance-de-tunis,stadium.a,75000,null,missing source
al-ahly-sc--esperance-de-tunis,stadium.b,60000,null,missing source
al-ahly-sc--esperance-de-tunis,h_club.a,80,null,missing source
al-ahly-sc--esperance-de-tunis,h_club.b,80,null,missing source
al-ahly-sc--esperance-de-tunis,h_dom,100,null,missing source
al-ahly-sc--esperance-de-tunis,h_cont,100,null,missing source
al-ahly-sc--esperance-de-tunis,i_soc,75,null,missing source
al-ahly-sc--esperance-de-tunis,i_name,100,null,missing source
al-ahly-sc--wydad-ac,h2h.total,13,null,missing source
al-ahly-sc--wydad-ac,stadium.a,75000,null,missing source
al-ahly-sc--wydad-ac,stadium.b,45891,null,missing source
al-ahly-sc--wydad-ac,h_club.a,80,null,missing source
al-ahly-sc--wydad-ac,h_club.b,80,null,missing source
al-ahly-sc--wydad-ac,h_dom,100,null,missing source
al-ahly-sc--wydad-ac,h_cont,100,null,missing source
al-ahly-sc--wydad-ac,i_soc,75,null,missing source
al-ahly-sc--wydad-ac,i_name,100,null,missing source
esperance-de-tunis--wydad-ac,h2h.total,10,null,missing source
esperance-de-tunis--wydad-ac,stadium.a,60000,null,missing source
esperance-de-tunis--wydad-ac,stadium.b,45891,null,missing source
esperance-de-tunis--wydad-ac,h_club.a,80,null,missing source
esperance-de-tunis--wydad-ac,h_club.b,80,null,missing source
esperance-de-tunis--wydad-ac,h_dom,100,null,missing source
esperance-de-tunis--wydad-ac,h_cont,100,null,missing source
esperance-de-tunis--wydad-ac,i_soc,75,null,missing source
esperance-de-tunis--wydad-ac,i_name,100,null,missing source
al-hilal-sfc--al-nassr-fc,h2h.total,115,null,missing source
al-hilal-sfc--al-nassr-fc,stadium.a,40000,null,missing source
al-hilal-sfc--al-nassr-fc,stadium.b,40000,null,missing source
al-hilal-sfc--al-nassr-fc,h_club.a,80,null,missing source
al-hilal-sfc--al-nassr-fc,h_club.b,80,null,missing source
al-hilal-sfc--al-nassr-fc,h_dom,100,null,missing source
al-hilal-sfc--al-nassr-fc,h_cont,100,null,missing source
al-hilal-sfc--al-nassr-fc,i_soc,75,null,missing source
al-hilal-sfc--al-nassr-fc,i_name,100,null,missing source
al-hilal-sfc--al-ittihad-fc,h2h.total,118,null,missing source
al-hilal-sfc--al-ittihad-fc,stadium.a,40000,null,missing source
al-hilal-sfc--al-ittihad-fc,stadium.b,40000,null,missing source
al-hilal-sfc--al-ittihad-fc,h_club.a,80,null,missing source
al-hilal-sfc--al-ittihad-fc,h_club.b,80,null,missing source
al-hilal-sfc--al-ittihad-fc,h_dom,100,null,missing source
al-hilal-sfc--al-ittihad-fc,h_cont,100,null,missing source
al-hilal-sfc--al-ittihad-fc,i_soc,75,null,missing source
al-hilal-sfc--al-ittihad-fc,i_name,100,null,missing source
al-ahli-sfc--al-ittihad-fc,h2h.total,104,null,missing source
al-ahli-sfc--al-ittihad-fc,stadium.a,40000,null,missing source
al-ahli-sfc--al-ittihad-fc,stadium.b,40000,null,missing source
al-ahli-sfc--al-ittihad-fc,h_club.a,80,null,missing source
al-ahli-sfc--al-ittihad-fc,h_club.b,80,null,missing source
al-ahli-sfc--al-ittihad-fc,h_dom,100,null,missing source
al-ahli-sfc--al-ittihad-fc,h_cont,100,null,missing source
al-ahli-sfc--al-ittihad-fc,i_soc,75,null,missing source
al-ahli-sfc--al-ittihad-fc,i_name,100,null,missing source
al-ittihad-fc--al-nassr-fc,h2h.total,92,null,missing source
al-ittihad-fc--al-nassr-fc,stadium.a,40000,null,missing source
al-ittihad-fc--al-nassr-fc,stadium.b,40000,null,missing source
al-ittihad-fc--al-nassr-fc,h_club.a,80,null,missing source
al-ittihad-fc--al-nassr-fc,h_club.b,80,null,missing source
al-ittihad-fc--al-nassr-fc,h_dom,100,null,missing source
al-ittihad-fc--al-nassr-fc,h_cont,0,null,missing source
al-ittihad-fc--al-nassr-fc,i_soc,75,null,missing source
al-ittihad-fc--al-nassr-fc,i_name,100,null,missing source
esteghlal-fc--persepolis-fc,h2h.total,92,null,missing source
esteghlal-fc--persepolis-fc,stadium.a,40000,null,missing source
esteghlal-fc--persepolis-fc,stadium.b,40000,null,missing source
esteghlal-fc--persepolis-fc,h_club.a,80,null,missing source
esteghlal-fc--persepolis-fc,h_club.b,80,null,missing source
esteghlal-fc--persepolis-fc,h_dom,100,null,missing source
esteghlal-fc--persepolis-fc,h_cont,0,null,missing source
esteghlal-fc--persepolis-fc,i_soc,75,null,missing source
esteghlal-fc--persepolis-fc,i_name,100,null,missing source
persepolis-fc--sepahan-sc,h2h.total,64,null,missing source
persepolis-fc--sepahan-sc,stadium.a,40000,null,missing source
persepolis-fc--sepahan-sc,stadium.b,40000,null,missing source
persepolis-fc--sepahan-sc,h_club.a,80,null,missing source
persepolis-fc--sepahan-sc,h_club.b,80,null,missing source
persepolis-fc--sepahan-sc,h_dom,100,null,missing source
persepolis-fc--sepahan-sc,h_cont,0,null,missing source
persepolis-fc--sepahan-sc,i_soc,75,null,missing source
persepolis-fc--sepahan-sc,i_name,100,null,missing source
esteghlal-fc--sepahan-sc,h2h.total,62,null,missing source
esteghlal-fc--sepahan-sc,stadium.a,40000,null,missing source
esteghlal-fc--sepahan-sc,stadium.b,40000,null,missing source
esteghlal-fc--sepahan-sc,h_club.a,80,null,missing source
esteghlal-fc--sepahan-sc,h_club.b,80,null,missing source
esteghlal-fc--sepahan-sc,h_dom,100,null,missing source
esteghlal-fc--sepahan-sc,h_cont,0,null,missing source
esteghlal-fc--sepahan-sc,i_soc,75,null,missing source
esteghlal-fc--sepahan-sc,i_name,100,null,missing source
sepahan-sc--zob-ahan-sc,h2h.total,52,null,missing source
sepahan-sc--zob-ahan-sc,stadium.a,40000,null,missing source
sepahan-sc--zob-ahan-sc,stadium.b,40000,null,missing source
sepahan-sc--zob-ahan-sc,h_club.a,80,null,missing source
sepahan-sc--zob-ahan-sc,h_club.b,80,null,missing source
sepahan-sc--zob-ahan-sc,h_dom,100,null,missing source
sepahan-sc--zob-ahan-sc,h_cont,0,null,missing source
sepahan-sc--zob-ahan-sc,i_soc,75,null,missing source
sepahan-sc--zob-ahan-sc,i_name,100,null,missing source
cerezo-osaka--gamba-osaka,h2h.total,62,null,missing source
cerezo-osaka--gamba-osaka,stadium.a,39694,null,missing source
cerezo-osaka--gamba-osaka,stadium.b,24481,null,missing source
cerezo-osaka--gamba-osaka,h_club.a,80,null,missing source
cerezo-osaka--gamba-osaka,h_club.b,80,null,missing source
cerezo-osaka--gamba-osaka,h_dom,100,null,missing source
cerezo-osaka--gamba-osaka,h_cont,100,null,missing source
cerezo-osaka--gamba-osaka,i_soc,75,null,missing source
cerezo-osaka--gamba-osaka,i_name,100,null,missing source
kawasaki-frontale--yokohama-f-marinos,h2h.total,52,null,missing source
kawasaki-frontale--yokohama-f-marinos,stadium.a,72327,null,missing source
kawasaki-frontale--yokohama-f-marinos,stadium.b,40000,null,missing source
kawasaki-frontale--yokohama-f-marinos,h_club.a,80,null,missing source
kawasaki-frontale--yokohama-f-marinos,h_club.b,80,null,missing source
kawasaki-frontale--yokohama-f-marinos,h_dom,100,null,missing source
kawasaki-frontale--yokohama-f-marinos,h_cont,0,null,missing source
kawasaki-frontale--yokohama-f-marinos,i_soc,75,null,missing source
kawasaki-frontale--yokohama-f-marinos,i_name,100,null,missing source
gamba-osaka--urawa-red-diamonds,h2h.total,68,null,missing source
gamba-osaka--urawa-red-diamonds,stadium.a,63700,null,missing source
gamba-osaka--urawa-red-diamonds,stadium.b,39694,null,missing source
gamba-osaka--urawa-red-diamonds,h_club.a,80,null,missing source
gamba-osaka--urawa-red-diamonds,h_club.b,80,null,missing source
gamba-osaka--urawa-red-diamonds,h_dom,100,null,missing source
gamba-osaka--urawa-red-diamonds,h_cont,100,null,missing source
gamba-osaka--urawa-red-diamonds,i_soc,75,null,missing source
gamba-osaka--urawa-red-diamonds,i_name,100,null,missing source
jubilo-iwata--kashima-antlers,h2h.total,64,null,missing source
jubilo-iwata--kashima-antlers,stadium.a,40728,null,missing source
jubilo-iwata--kashima-antlers,stadium.b,40000,null,missing source
jubilo-iwata--kashima-antlers,h_club.a,80,null,missing source
jubilo-iwata--kashima-antlers,h_club.b,80,null,missing source
jubilo-iwata--kashima-antlers,h_dom,100,null,missing source
jubilo-iwata--kashima-antlers,h_cont,0,null,missing source
jubilo-iwata--kashima-antlers,i_soc,75,null,missing source
jubilo-iwata--kashima-antlers,i_name,100,null,missing source
fc-seoul--suwon-samsung-bluewings,h2h.total,103,null,missing source
fc-seoul--suwon-samsung-bluewings,stadium.a,66704,null,missing source
fc-seoul--suwon-samsung-bluewings,stadium.b,43959,null,missing source
fc-seoul--suwon-samsung-bluewings,h_club.a,80,null,missing source
fc-seoul--suwon-samsung-bluewings,h_club.b,80,null,missing source
fc-seoul--suwon-samsung-bluewings,h_dom,100,null,missing source
fc-seoul--suwon-samsung-bluewings,h_cont,100,null,missing source
fc-seoul--suwon-samsung-bluewings,i_soc,75,null,missing source
fc-seoul--suwon-samsung-bluewings,i_name,100,null,missing source
pohang-steelers--ulsan-hd-fc,h2h.total,145,null,missing source
pohang-steelers--ulsan-hd-fc,stadium.a,17443,null,missing source
pohang-steelers--ulsan-hd-fc,stadium.b,44102,null,missing source
pohang-steelers--ulsan-hd-fc,h_club.a,80,null,missing source
pohang-steelers--ulsan-hd-fc,h_club.b,80,null,missing source
pohang-steelers--ulsan-hd-fc,h_dom,100,null,missing source
pohang-steelers--ulsan-hd-fc,h_cont,100,null,missing source
pohang-steelers--ulsan-hd-fc,i_soc,75,null,missing source
pohang-steelers--ulsan-hd-fc,i_name,100,null,missing source
jeonbuk-hyundai-motors--ulsan-hd-fc,h2h.total,112,null,missing source
jeonbuk-hyundai-motors--ulsan-hd-fc,stadium.a,42477,null,missing source
jeonbuk-hyundai-motors--ulsan-hd-fc,stadium.b,44102,null,missing source
jeonbuk-hyundai-motors--ulsan-hd-fc,h_club.a,80,null,missing source
jeonbuk-hyundai-motors--ulsan-hd-fc,h_club.b,80,null,missing source
jeonbuk-hyundai-motors--ulsan-hd-fc,h_dom,100,null,missing source
jeonbuk-hyundai-motors--ulsan-hd-fc,h_cont,100,null,missing source
jeonbuk-hyundai-motors--ulsan-hd-fc,i_soc,75,null,missing source
jeonbuk-hyundai-motors--ulsan-hd-fc,i_name,100,null,missing source
sydney-fc--western-sydney-wanderers,h2h.total,44,null,missing source
sydney-fc--western-sydney-wanderers,stadium.a,42500,null,missing source
sydney-fc--western-sydney-wanderers,stadium.b,40000,null,missing source
sydney-fc--western-sydney-wanderers,h_club.a,80,null,missing source
sydney-fc--western-sydney-wanderers,h_club.b,80,null,missing source
sydney-fc--western-sydney-wanderers,h_dom,100,null,missing source
sydney-fc--western-sydney-wanderers,h_cont,0,null,missing source
sydney-fc--western-sydney-wanderers,i_soc,75,null,missing source
sydney-fc--western-sydney-wanderers,i_name,100,null,missing source
melbourne-city-fc--melbourne-victory,h2h.total,52,null,missing source
melbourne-city-fc--melbourne-victory,stadium.a,30050,null,missing source
melbourne-city-fc--melbourne-victory,stadium.b,30050,null,missing source
melbourne-city-fc--melbourne-victory,h_club.a,80,null,missing source
melbourne-city-fc--melbourne-victory,h_club.b,80,null,missing source
melbourne-city-fc--melbourne-victory,h_dom,100,null,missing source
melbourne-city-fc--melbourne-victory,h_cont,0,null,missing source
melbourne-city-fc--melbourne-victory,i_soc,75,null,missing source
melbourne-city-fc--melbourne-victory,i_name,100,null,missing source
melbourne-victory--sydney-fc,h2h.total,66,null,missing source
melbourne-victory--sydney-fc,stadium.a,42500,null,missing source
melbourne-victory--sydney-fc,stadium.b,30050,null,missing source
melbourne-victory--sydney-fc,h_club.a,80,null,missing source
melbourne-victory--sydney-fc,h_club.b,80,null,missing source
melbourne-victory--sydney-fc,h_dom,100,null,missing source
melbourne-victory--sydney-fc,h_cont,0,null,missing source
melbourne-victory--sydney-fc,i_soc,75,null,missing source
melbourne-victory--sydney-fc,i_name,100,null,missing source
adelaide-united--melbourne-victory,h2h.total,65,null,missing source
adelaide-united--melbourne-victory,stadium.a,40000,null,missing source
adelaide-united--melbourne-victory,stadium.b,30050,null,missing source
adelaide-united--melbourne-victory,h_club.a,80,null,missing source
adelaide-united--melbourne-victory,h_club.b,80,null,missing source
adelaide-united--melbourne-victory,h_dom,100,null,missing source
adelaide-united--melbourne-victory,h_cont,0,null,missing source
adelaide-united--melbourne-victory,i_soc,75,null,missing source
adelaide-united--melbourne-victory,i_name,100,null,missing source
shanghai-port-fc--shanghai-shenhua,h2h.total,32,null,missing source
shanghai-port-fc--shanghai-shenhua,stadium.a,40000,null,missing source
shanghai-port-fc--shanghai-shenhua,stadium.b,40000,null,missing source
shanghai-port-fc--shanghai-shenhua,h_club.a,80,null,missing source
shanghai-port-fc--shanghai-shenhua,h_club.b,80,null,missing source
shanghai-port-fc--shanghai-shenhua,h_dom,100,null,missing source
shanghai-port-fc--shanghai-shenhua,h_cont,0,null,missing source
shanghai-port-fc--shanghai-shenhua,i_soc,75,null,missing source
shanghai-port-fc--shanghai-shenhua,i_name,100,null,missing source
beijing-guoan--shanghai-shenhua,h2h.total,66,null,missing source
beijing-guoan--shanghai-shenhua,stadium.a,40000,null,missing source
beijing-guoan--shanghai-shenhua,stadium.b,40000,null,missing source
beijing-guoan--shanghai-shenhua,h_club.a,80,null,missing source
beijing-guoan--shanghai-shenhua,h_club.b,80,null,missing source
beijing-guoan--shanghai-shenhua,h_dom,100,null,missing source
beijing-guoan--shanghai-shenhua,h_cont,0,null,missing source
beijing-guoan--shanghai-shenhua,i_soc,75,null,missing source
beijing-guoan--shanghai-shenhua,i_name,100,null,missing source
al-quwa-al-jawiya--al-zawraa-sc,h2h.total,82,null,missing source
al-quwa-al-jawiya--al-zawraa-sc,stadium.a,40000,null,missing source
al-quwa-al-jawiya--al-zawraa-sc,stadium.b,40000,null,missing source
al-quwa-al-jawiya--al-zawraa-sc,h_club.a,80,null,missing source
al-quwa-al-jawiya--al-zawraa-sc,h_club.b,80,null,missing source
al-quwa-al-jawiya--al-zawraa-sc,h_dom,100,null,missing source
al-quwa-al-jawiya--al-zawraa-sc,h_cont,0,null,missing source
al-quwa-al-jawiya--al-zawraa-sc,i_soc,75,null,missing source
al-quwa-al-jawiya--al-zawraa-sc,i_name,100,null,missing source
al-faisaly-sc--al-wehdat-sc,h2h.total,158,null,missing source
al-faisaly-sc--al-wehdat-sc,stadium.a,40000,null,missing source
al-faisaly-sc--al-wehdat-sc,stadium.b,40000,null,missing source
al-faisaly-sc--al-wehdat-sc,h_club.a,80,null,missing source
al-faisaly-sc--al-wehdat-sc,h_club.b,80,null,missing source
al-faisaly-sc--al-wehdat-sc,h_dom,100,null,missing source
al-faisaly-sc--al-wehdat-sc,h_cont,100,null,missing source
al-faisaly-sc--al-wehdat-sc,i_soc,75,null,missing source
al-faisaly-sc--al-wehdat-sc,i_name,100,null,missing source
east-bengal-fc--mohun-bagan-sg,h2h.total,25,null,missing source
east-bengal-fc--mohun-bagan-sg,stadium.a,40000,null,missing source
east-bengal-fc--mohun-bagan-sg,stadium.b,40000,null,missing source
east-bengal-fc--mohun-bagan-sg,h_club.a,80,null,missing source
east-bengal-fc--mohun-bagan-sg,h_club.b,80,null,missing source
east-bengal-fc--mohun-bagan-sg,h_dom,100,null,missing source
east-bengal-fc--mohun-bagan-sg,h_cont,0,null,missing source
east-bengal-fc--mohun-bagan-sg,i_soc,75,null,missing source
east-bengal-fc--mohun-bagan-sg,i_name,100,null,missing source
cd-guadalajara-chivas--club-america,h2h.total,135,null,missing source
cd-guadalajara-chivas--club-america,stadium.a,83264,null,missing source
cd-guadalajara-chivas--club-america,stadium.b,40000,null,missing source
cd-guadalajara-chivas--club-america,h_club.a,80,null,missing source
cd-guadalajara-chivas--club-america,h_club.b,80,null,missing source
cd-guadalajara-chivas--club-america,h_dom,100,null,missing source
cd-guadalajara-chivas--club-america,h_cont,100,null,missing source
cd-guadalajara-chivas--club-america,i_soc,75,null,missing source
cd-guadalajara-chivas--club-america,i_name,100,null,missing source
club-america--cruz-azul,h2h.total,142,null,missing source
club-america--cruz-azul,stadium.a,83264,null,missing source
club-america--cruz-azul,stadium.b,83264,null,missing source
club-america--cruz-azul,h_club.a,80,null,missing source
club-america--cruz-azul,h_club.b,80,null,missing source
club-america--cruz-azul,h_dom,100,null,missing source
club-america--cruz-azul,h_cont,100,null,missing source
club-america--cruz-azul,i_soc,75,null,missing source
club-america--cruz-azul,i_name,100,null,missing source
club-america--club-universidad-nacional-pumas,h2h.total,132,null,missing source
club-america--club-universidad-nacional-pumas,stadium.a,83264,null,missing source
club-america--club-universidad-nacional-pumas,stadium.b,40000,null,missing source
club-america--club-universidad-nacional-pumas,h_club.a,80,null,missing source
club-america--club-universidad-nacional-pumas,h_club.b,80,null,missing source
club-america--club-universidad-nacional-pumas,h_dom,100,null,missing source
club-america--club-universidad-nacional-pumas,h_cont,0,null,missing source
club-america--club-universidad-nacional-pumas,i_soc,75,null,missing source
club-america--club-universidad-nacional-pumas,i_name,100,null,missing source
cf-monterrey--tigres-uanl,h2h.total,136,null,missing source
cf-monterrey--tigres-uanl,stadium.a,53500,null,missing source
cf-monterrey--tigres-uanl,stadium.b,41615,null,missing source
cf-monterrey--tigres-uanl,h_club.a,80,null,missing source
cf-monterrey--tigres-uanl,h_club.b,80,null,missing source
cf-monterrey--tigres-uanl,h_dom,100,null,missing source
cf-monterrey--tigres-uanl,h_cont,100,null,missing source
cf-monterrey--tigres-uanl,i_soc,75,null,missing source
cf-monterrey--tigres-uanl,i_name,100,null,missing source
cd-guadalajara--club-atlas,h2h.total,124,null,missing source
cd-guadalajara--club-atlas,stadium.a,40000,null,missing source
cd-guadalajara--club-atlas,stadium.b,40000,null,missing source
cd-guadalajara--club-atlas,h_club.a,80,null,missing source
cd-guadalajara--club-atlas,h_club.b,80,null,missing source
cd-guadalajara--club-atlas,h_dom,100,null,missing source
cd-guadalajara--club-atlas,h_cont,0,null,missing source
cd-guadalajara--club-atlas,i_soc,75,null,missing source
cd-guadalajara--club-atlas,i_name,100,null,missing source
club-universidad-nacional-pumas--cruz-azul,h2h.total,105,null,missing source
club-universidad-nacional-pumas--cruz-azul,stadium.a,83264,null,missing source
club-universidad-nacional-pumas--cruz-azul,stadium.b,40000,null,missing source
club-universidad-nacional-pumas--cruz-azul,h_club.a,80,null,missing source
club-universidad-nacional-pumas--cruz-azul,h_club.b,80,null,missing source
club-universidad-nacional-pumas--cruz-azul,h_dom,100,null,missing source
club-universidad-nacional-pumas--cruz-azul,h_cont,100,null,missing source
club-universidad-nacional-pumas--cruz-azul,i_soc,75,null,missing source
club-universidad-nacional-pumas--cruz-azul,i_name,100,null,missing source
cf-monterrey--santos-laguna,h2h.total,76,null,missing source
cf-monterrey--santos-laguna,stadium.a,53500,null,missing source
cf-monterrey--santos-laguna,stadium.b,40000,null,missing source
cf-monterrey--santos-laguna,h_club.a,80,null,missing source
cf-monterrey--santos-laguna,h_club.b,80,null,missing source
cf-monterrey--santos-laguna,h_dom,100,null,missing source
cf-monterrey--santos-laguna,h_cont,100,null,missing source
cf-monterrey--santos-laguna,i_soc,75,null,missing source
cf-monterrey--santos-laguna,i_name,100,null,missing source
cf-pachuca--tigres-uanl,h2h.total,68,null,missing source
cf-pachuca--tigres-uanl,stadium.a,40000,null,missing source
cf-pachuca--tigres-uanl,stadium.b,41615,null,missing source
cf-pachuca--tigres-uanl,h_club.a,80,null,missing source
cf-pachuca--tigres-uanl,h_club.b,80,null,missing source
cf-pachuca--tigres-uanl,h_dom,100,null,missing source
cf-pachuca--tigres-uanl,h_cont,100,null,missing source
cf-pachuca--tigres-uanl,i_soc,75,null,missing source
cf-pachuca--tigres-uanl,i_name,100,null,missing source
club-america--tigres-uanl,h2h.total,74,null,missing source
club-america--tigres-uanl,stadium.a,83264,null,missing source
club-america--tigres-uanl,stadium.b,41615,null,missing source
club-america--tigres-uanl,h_club.a,80,null,missing source
club-america--tigres-uanl,h_club.b,80,null,missing source
club-america--tigres-uanl,h_dom,100,null,missing source
club-america--tigres-uanl,h_cont,100,null,missing source
club-america--tigres-uanl,i_soc,75,null,missing source
club-america--tigres-uanl,i_name,100,null,missing source
cf-monterrey--club-america,h2h.total,84,null,missing source
cf-monterrey--club-america,stadium.a,53500,null,missing source
cf-monterrey--club-america,stadium.b,83264,null,missing source
cf-monterrey--club-america,h_club.a,80,null,missing source
cf-monterrey--club-america,h_club.b,80,null,missing source
cf-monterrey--club-america,h_dom,100,null,missing source
cf-monterrey--club-america,h_cont,100,null,missing source
cf-monterrey--club-america,i_soc,75,null,missing source
cf-monterrey--club-america,i_name,100,null,missing source
cf-pachuca--cruz-azul,h2h.total,68,null,missing source
cf-pachuca--cruz-azul,stadium.a,40000,null,missing source
cf-pachuca--cruz-azul,stadium.b,83264,null,missing source
cf-pachuca--cruz-azul,h_club.a,80,null,missing source
cf-pachuca--cruz-azul,h_club.b,80,null,missing source
cf-pachuca--cruz-azul,h_dom,100,null,missing source
cf-pachuca--cruz-azul,h_cont,100,null,missing source
cf-pachuca--cruz-azul,i_soc,75,null,missing source
cf-pachuca--cruz-azul,i_name,100,null,missing source
portland-timbers--seattle-sounders-fc,h2h.total,25,null,missing source
portland-timbers--seattle-sounders-fc,stadium.a,40000,null,missing source
portland-timbers--seattle-sounders-fc,stadium.b,40000,null,missing source
portland-timbers--seattle-sounders-fc,h_club.a,80,null,missing source
portland-timbers--seattle-sounders-fc,h_club.b,80,null,missing source
portland-timbers--seattle-sounders-fc,h_dom,100,null,missing source
portland-timbers--seattle-sounders-fc,h_cont,0,null,missing source
portland-timbers--seattle-sounders-fc,i_soc,75,null,missing source
portland-timbers--seattle-sounders-fc,i_name,100,null,missing source
la-galaxy--san-jose-earthquakes,h2h.total,98,null,missing source
la-galaxy--san-jose-earthquakes,stadium.a,40000,null,missing source
la-galaxy--san-jose-earthquakes,stadium.b,40000,null,missing source
la-galaxy--san-jose-earthquakes,h_club.a,80,null,missing source
la-galaxy--san-jose-earthquakes,h_club.b,80,null,missing source
la-galaxy--san-jose-earthquakes,h_dom,100,null,missing source
la-galaxy--san-jose-earthquakes,h_cont,100,null,missing source
la-galaxy--san-jose-earthquakes,i_soc,75,null,missing source
la-galaxy--san-jose-earthquakes,i_name,100,null,missing source
la-galaxy--los-angeles-fc-lafc,h2h.total,27,null,missing source
la-galaxy--los-angeles-fc-lafc,stadium.a,40000,null,missing source
la-galaxy--los-angeles-fc-lafc,stadium.b,40000,null,missing source
la-galaxy--los-angeles-fc-lafc,h_club.a,80,null,missing source
la-galaxy--los-angeles-fc-lafc,h_club.b,80,null,missing source
la-galaxy--los-angeles-fc-lafc,h_dom,100,null,missing source
la-galaxy--los-angeles-fc-lafc,h_cont,0,null,missing source
la-galaxy--los-angeles-fc-lafc,i_soc,75,null,missing source
la-galaxy--los-angeles-fc-lafc,i_name,100,null,missing source
dc-united--new-york-red-bulls,h2h.total,104,null,missing source
dc-united--new-york-red-bulls,stadium.a,40000,null,missing source
dc-united--new-york-red-bulls,stadium.b,40000,null,missing source
dc-united--new-york-red-bulls,h_club.a,80,null,missing source
dc-united--new-york-red-bulls,h_club.b,80,null,missing source
dc-united--new-york-red-bulls,h_dom,100,null,missing source
dc-united--new-york-red-bulls,h_cont,0,null,missing source
dc-united--new-york-red-bulls,i_soc,75,null,missing source
dc-united--new-york-red-bulls,i_name,100,null,missing source
new-york-city-fc--new-york-red-bulls,h2h.total,34,null,missing source
new-york-city-fc--new-york-red-bulls,stadium.a,40000,null,missing source
new-york-city-fc--new-york-red-bulls,stadium.b,40000,null,missing source
new-york-city-fc--new-york-red-bulls,h_club.a,80,null,missing source
new-york-city-fc--new-york-red-bulls,h_club.b,80,null,missing source
new-york-city-fc--new-york-red-bulls,h_dom,100,null,missing source
new-york-city-fc--new-york-red-bulls,h_cont,0,null,missing source
new-york-city-fc--new-york-red-bulls,i_soc,75,null,missing source
new-york-city-fc--new-york-red-bulls,i_name,100,null,missing source
deportivo-saprissa--ld-alajuelense,h2h.total,185,null,missing source
deportivo-saprissa--ld-alajuelense,stadium.a,40000,null,missing source
deportivo-saprissa--ld-alajuelense,stadium.b,40000,null,missing source
deportivo-saprissa--ld-alajuelense,h_club.a,80,null,missing source
deportivo-saprissa--ld-alajuelense,h_club.b,80,null,missing source
deportivo-saprissa--ld-alajuelense,h_dom,100,null,missing source
deportivo-saprissa--ld-alajuelense,h_cont,100,null,missing source
deportivo-saprissa--ld-alajuelense,i_soc,75,null,missing source
deportivo-saprissa--ld-alajuelense,i_name,100,null,missing source
csd-comunicaciones--csd-municipal,h2h.total,185,null,missing source
csd-comunicaciones--csd-municipal,stadium.a,40000,null,missing source
csd-comunicaciones--csd-municipal,stadium.b,40000,null,missing source
csd-comunicaciones--csd-municipal,h_club.a,80,null,missing source
csd-comunicaciones--csd-municipal,h_club.b,80,null,missing source
csd-comunicaciones--csd-municipal,h_dom,100,null,missing source
csd-comunicaciones--csd-municipal,h_cont,0,null,missing source
csd-comunicaciones--csd-municipal,i_soc,75,null,missing source
csd-comunicaciones--csd-municipal,i_name,100,null,missing source
auckland-city-fc--waitakere-united,h2h.total,62,null,missing source
auckland-city-fc--waitakere-united,stadium.a,40000,null,missing source
auckland-city-fc--waitakere-united,stadium.b,40000,null,missing source
auckland-city-fc--waitakere-united,h_club.a,80,null,missing source
auckland-city-fc--waitakere-united,h_club.b,80,null,missing source
auckland-city-fc--waitakere-united,h_dom,100,null,missing source
auckland-city-fc--waitakere-united,h_cont,100,null,missing source
auckland-city-fc--waitakere-united,i_soc,75,null,missing source
auckland-city-fc--waitakere-united,i_name,100,null,missing source
auckland-city-fc--team-wellington,h2h.total,51,null,missing source
auckland-city-fc--team-wellington,stadium.a,40000,null,missing source
auckland-city-fc--team-wellington,stadium.b,40000,null,missing source
auckland-city-fc--team-wellington,h_club.a,80,null,missing source
auckland-city-fc--team-wellington,h_club.b,80,null,missing source
auckland-city-fc--team-wellington,h_dom,100,null,missing source
auckland-city-fc--team-wellington,h_cont,100,null,missing source
auckland-city-fc--team-wellington,i_soc,75,null,missing source
auckland-city-fc--team-wellington,i_name,100,null,missing source
ba-fc--lautoka-fc,h2h.total,25,null,missing source
ba-fc--lautoka-fc,stadium.a,40000,null,missing source
ba-fc--lautoka-fc,stadium.b,40000,null,missing source
ba-fc--lautoka-fc,h_club.a,80,null,missing source
ba-fc--lautoka-fc,h_club.b,80,null,missing source
ba-fc--lautoka-fc,h_dom,100,null,missing source
ba-fc--lautoka-fc,h_cont,100,null,missing source
ba-fc--lautoka-fc,i_soc,75,null,missing source
ba-fc--lautoka-fc,i_name,100,null,missing source
as-pirae--as-venus,h2h.total,25,null,missing source
as-pirae--as-venus,stadium.a,40000,null,missing source
as-pirae--as-venus,stadium.b,40000,null,missing source
as-pirae--as-venus,h_club.a,80,null,missing source
as-pirae--as-venus,h_club.b,80,null,missing source
as-pirae--as-venus,h_dom,100,null,missing source
as-pirae--as-venus,h_cont,100,null,missing source
as-pirae--as-venus,i_soc,75,null,missing source
as-pirae--as-venus,i_name,100,null,missing source
as-magenta--as-mont-dore,h2h.total,25,null,missing source
as-magenta--as-mont-dore,stadium.a,40000,null,missing source
as-magenta--as-mont-dore,stadium.b,40000,null,missing source
as-magenta--as-mont-dore,h_club.a,80,null,missing source
as-magenta--as-mont-dore,h_club.b,80,null,missing source
as-magenta--as-mont-dore,h_dom,100,null,missing source
as-magenta--as-mont-dore,h_cont,100,null,missing source
as-magenta--as-mont-dore,i_soc,75,null,missing source
as-magenta--as-mont-dore,i_name,100,null,missing source
as-pirae--auckland-city-fc,h2h.total,4,null,missing source
as-pirae--auckland-city-fc,stadium.a,40000,null,missing source
as-pirae--auckland-city-fc,stadium.b,40000,null,missing source
as-pirae--auckland-city-fc,h_club.a,80,null,missing source
as-pirae--auckland-city-fc,h_club.b,80,null,missing source
as-pirae--auckland-city-fc,h_dom,100,null,missing source
as-pirae--auckland-city-fc,h_cont,100,null,missing source
as-pirae--auckland-city-fc,i_soc,75,null,missing source
as-pirae--auckland-city-fc,i_name,100,null,missing source
